{
  "computed_at": "2026-01-08T16:30:03.516111",
  "n_records": 100,
  "features": {
    "age": {
      "type": "numeric",
      "mean": 39.82126420345524,
      "std": 9.46978310775701,
      "median": 39.37321472772037,
      "min": 12.51895311837098,
      "max": 63.73651516480034,
      "percentiles": {
        "25": 33.532067375151875,
        "50": 39.37321472772037,
        "75": 46.093384770632476,
        "95": 54.358442262421455
      }
    }
  }
}